,0
0,c0fvodc
1,c0fvnyg
2,c0fvng3
3,c0fvnms
4,c0fvoeu
5,c0fvo76
6,c0fvu5q
7,c0fvp2z
8,c0fvz6g
9,c0fw4ds
10,c0fvuh8
11,c0fw4bs
12,c0fw67f
13,c0fwf6t
14,c0gitla
15,c0fvneu
16,c0fvpfr
17,c0fvqmx
18,c0fvxs3
19,c0fvo2r
20,c0fvnkw
21,c0fwg2f
22,c0fwl13
23,c0fvsl9
24,c0fvz4r
25,c0fvqko
26,c0fvp3t
27,c0fvost
28,c0fvp2j
29,c0fvoru
30,c0fvo2s
31,c0fvofm
32,c0fvo90
33,c0fvoa2
34,c0fvoyl
35,c0fvxg8
36,c0fvnlo
37,c0fvo4q
38,c0fvoem
39,c0fvpvm
40,c0fvqm2
41,c0fvwzy
42,c0fw0uj
43,c0fvwwc
44,c0fwfjw
45,c0fvsiz
46,c0fvria
47,c0fw4ct
48,c0fvp1r
49,c0fvuyj
50,c0fvo5p
51,c0fwq1w
52,c0fwnsu
53,c0fwxy7
54,c0fvutg
55,c0fvp9o
56,c0fwomz
57,c0fvqdy
58,c0fvp8o
59,c0fvpdv
60,c0fvv9e
61,c0fvof8
62,c0fvqoz
63,c0fvpdk
64,c0fw1es
65,c0fvvbf
66,c0fvwc2
67,c0fvy4o
68,c0fvymi
69,c0fw2et
70,c0g75iv
71,c0fvptf
72,c0fvtut
73,c0fvp5w
74,c0fvpne
75,c0fvqn7
76,c0fvxam
77,c0fvx3l
78,c0fw25t
79,c0fw3q5
80,c0fw6ks
81,c0fw37w
82,c0fvx9f
83,c0fwm01
84,c0g0jli
85,c0fvt9p
86,c0fx3tr
87,c0fvpw3
88,c0fvppr
89,c0fvru6
90,c0fwai7
91,c0fvrgm
92,c0fvung
93,c0fvppm
94,c0fwtb5
95,c0fw3mb
96,c0fvpfx
97,c0fvpes
98,c0fw3qc
99,c0fvwxx
100,c0fvzd8
101,c0fvr36
102,c0fvqak
103,c0fvpiw
104,c0fvski
105,c0fvq6x
106,c0fvqj8
107,c0fvs6f
108,c0fvyl1
109,c0fvwgm
110,c0fvyn1
111,c0fvsft
112,c0fw1r7
113,c0fvsuz
114,c0fvxd6
115,c0fvzdo
116,c0fvxfv
117,c0fwu8n
118,c0fxfld
119,c0fwt7u
120,c0g0lab
121,c0fvtq6
122,c0fwm1d
123,c0fx7bj
124,c0fvq7c
125,c0fvrt8
126,c0fvqf0
127,c0fvt0n
128,c0fwjsp
129,c0fwkn2
130,c0fvs5b
131,c0fvrw0
132,c0fwkhi
133,c0fw3sa
134,c0fvs8r
135,c0fwni7
136,c0fwkmc
137,c0fvq4c
138,c0fvspv
139,c0fvt11
140,c0fvymh
141,c0fvzhm
142,c0fwc7y
143,c0fvzqj
144,c0fw3n1
145,c0fw2xd
146,c0fxfkj
147,c0fx37t
148,c0fwtnv
149,c0fxfm3
150,c0fyb7z
151,c0fw1ek
152,c0fvyof
153,c0fvvz5
154,c0fwgcq
155,c0fvx0f
156,c0fvqsp
157,c0fvsh8
158,c0fvqvu
159,c0fvyi6
160,c0fw66u
161,c0fvxyw
162,c0fvxrb
163,c0fwnz0
164,c0fvyr1
165,c0fvxmt
166,c0fw72c
167,c0fwt5p
168,c0fvr3c
169,c0fvs8s
170,c0fvtzr
171,c0fw3w0
172,c0fw90j
173,c0fw3nc
174,c0fwnwy
175,c0fw4ea
176,c0fz9b0
177,c0fx4op
178,c0fwtu8
179,c0fxgo5
180,c0fyic2
181,c0fw336
182,c0fw25v
183,c0fw1rm
184,c0fvzzb
185,c0fwvt5
186,c0fwknm
187,c0fvsg5
188,c0fvrvu
189,c0fvt3g
190,c0fvse1
191,c0fvvez
192,c0fw1ae
193,c0fvx39
194,c0fvrdw
195,c0fw1bo
196,c0fw1bi
197,c0fwgqt
198,c0fwmf4
199,c0fwltm
200,c0fwlvn
201,c0fvzb0
202,c0fwtb0
203,c0fwj7n
204,c0fvsi6
205,c0fw3v5
206,c0fwwxd
207,c0fz9k7
208,c0fx4vy
209,c0fwjmr
210,c0fw5j1
211,c0fwqp8
212,c0fvsrl
213,c0fvsa6
214,c0fvwff
215,c0fvs57
216,c0fwltd
217,c0fweae
218,c0fw3j6
219,c0fwpdy
220,c0fw5u0
221,c0fwqaw
222,c0fx3g8
223,c0fx3zd
224,c0fvtic
225,c0fw025
226,c0fvtnk
227,c0fwkt2
228,c0fwob0
229,c0fvyuh
230,c0fw2zs
231,c0fwc1k
232,c0g34xd
233,c0fvz9c
234,c0fvsw6
235,c0fvx7c
236,c0fvsbj
237,c0fvz3m
238,c0fx1bc
239,c0fwljj
240,c0fwulr
241,c0fwkps
242,c0fx4we
243,c0fvtps
244,c0fw078
245,c0fvu7g
246,c0fw3n8
247,c0fwuuc
248,c0fwe8d
249,c0fw5c5
250,c0fwe6u
251,c0fvtk6
252,c0fx359
253,c0fx2m9
254,"<MoreComments count=0, children=[]>"
255,"<MoreComments count=0, children=[]>"
256,"<MoreComments count=0, children=[]>"
257,"<MoreComments count=0, children=[]>"
258,"<MoreComments count=0, children=[]>"
259,"<MoreComments count=0, children=[]>"
260,"<MoreComments count=0, children=[]>"
