,fail_type,fail_id
0,AttributeError,84nyj6
1,unknown_failure,84nyj6
2,unknown_failure,84nyj6
3,unknown_failure,84nyj6
4,unknown_failure,84nyj6
5,AttributeError,84nyj6
6,AttributeError,84nyj6
7,unknown_failure,84nyj6
8,AttributeError,84nyj6
9,unknown_failure,84nyj6
10,unknown_failure,84nyj6
11,unknown_failure,84nyj6
12,unknown_failure,84nyj6
13,unknown_failure,84nyj6
14,unknown_failure,84nyj6
15,unknown_failure,84nyj6
16,AttributeError,84nyj6
17,unknown_failure,84nyj6
18,unknown_failure,84nyj6
19,unknown_failure,84nyj6
20,unknown_failure,84nyj6
21,unknown_failure,84nyj6
22,AttributeError,84nyj6
23,unknown_failure,84nyj6
24,AttributeError,84nyj6
25,unknown_failure,84nyj6
26,unknown_failure,84nyj6
27,unknown_failure,84nyj6
28,AttributeError,84nyj6
29,AttributeError,84nyj6
30,unknown_failure,84nyj6
31,unknown_failure,84nyj6
32,AttributeError,84nyj6
33,AttributeError,84nyj6
34,AttributeError,84nyj6
35,unknown_failure,84nyj6
36,AttributeError,84nyj6
37,unknown_failure,84nyj6
38,unknown_failure,84nyj6
39,unknown_failure,84nyj6
40,AttributeError,84nyj6
41,unknown_failure,84nyj6
42,unknown_failure,84nyj6
43,AttributeError,84nyj6
44,AttributeError,84nyj6
45,unknown_failure,84nyj6
46,unknown_failure,84nyj6
47,unknown_failure,84nyj6
48,unknown_failure,84nyj6
49,AttributeError,84nyj6
50,unknown_failure,84nyj6
51,unknown_failure,84nyj6
52,unknown_failure,84nyj6
53,unknown_failure,84nyj6
54,unknown_failure,84nyj6
55,unknown_failure,84nyj6
56,unknown_failure,84nyj6
57,unknown_failure,84nyj6
58,unknown_failure,84nyj6
59,AttributeError,84nyj6
60,unknown_failure,84nyj6
61,unknown_failure,84nyj6
62,unknown_failure,84nyj6
63,unknown_failure,84nyj6
64,unknown_failure,84nyj6
65,AttributeError,84nyj6
66,AttributeError,84nyj6
67,unknown_failure,84nyj6
68,unknown_failure,84nyj6
69,unknown_failure,84nyj6
70,AttributeError,84nyj6
71,AttributeError,84nyj6
72,AttributeError,84nyj6
73,unknown_failure,84nyj6
74,unknown_failure,84nyj6
75,unknown_failure,84nyj6
76,unknown_failure,84nyj6
77,AttributeError,84nyj6
78,unknown_failure,84nyj6
79,unknown_failure,84nyj6
80,unknown_failure,84nyj6
81,unknown_failure,84nyj6
82,unknown_failure,84nyj6
83,unknown_failure,84nyj6
84,unknown_failure,84nyj6
85,AttributeError,84nyj6
86,unknown_failure,84nyj6
87,unknown_failure,84nyj6
88,unknown_failure,84nyj6
89,unknown_failure,84nyj6
90,unknown_failure,84nyj6
91,unknown_failure,84nyj6
92,unknown_failure,84nyj6
93,AttributeError,84nyj6
94,unknown_failure,84nyj6
95,unknown_failure,84nyj6
96,AttributeError,84nyj6
97,unknown_failure,84nyj6
98,unknown_failure,84nyj6
99,unknown_failure,84nyj6
100,AttributeError,84nyj6
101,AttributeError,84nyj6
102,AttributeError,84nyj6
103,unknown_failure,84nyj6
104,unknown_failure,84nyj6
105,unknown_failure,84nyj6
106,unknown_failure,84nyj6
107,unknown_failure,84nyj6
108,unknown_failure,84nyj6
109,unknown_failure,84nyj6
110,unknown_failure,84nyj6
111,unknown_failure,84nyj6
112,unknown_failure,84nyj6
113,unknown_failure,84nyj6
114,unknown_failure,84nyj6
115,unknown_failure,84nyj6
116,unknown_failure,84nyj6
117,unknown_failure,84nyj6
118,unknown_failure,84nyj6
119,unknown_failure,84nyj6
120,unknown_failure,84nyj6
121,unknown_failure,84nyj6
122,unknown_failure,84nyj6
123,unknown_failure,84nyj6
124,unknown_failure,84nyj6
125,AttributeError,84nyj6
126,unknown_failure,84nyj6
127,unknown_failure,84nyj6
128,unknown_failure,84nyj6
129,unknown_failure,84nyj6
130,unknown_failure,84nyj6
131,unknown_failure,84nyj6
132,unknown_failure,84nyj6
133,AttributeError,84nyj6
134,AttributeError,84nyj6
135,unknown_failure,84nyj6
136,unknown_failure,84nyj6
137,AttributeError,84nyj6
138,AttributeError,84nyj6
139,unknown_failure,84nyj6
140,AttributeError,84nyj6
141,unknown_failure,84nyj6
142,AttributeError,84nyj6
143,unknown_failure,84nyj6
144,unknown_failure,84nyj6
145,unknown_failure,84nyj6
146,unknown_failure,84nyj6
147,unknown_failure,84nyj6
148,unknown_failure,84nyj6
149,unknown_failure,84nyj6
150,unknown_failure,84nyj6
151,AttributeError,84nyj6
152,unknown_failure,84nyj6
153,unknown_failure,84nyj6
154,unknown_failure,84nyj6
155,AttributeError,84nyj6
156,AttributeError,84nyj6
157,unknown_failure,84nyj6
158,unknown_failure,84nyj6
159,unknown_failure,84nyj6
160,AttributeError,84nyj6
161,unknown_failure,84nyj6
162,unknown_failure,84nyj6
163,AttributeError,84nyj6
164,unknown_failure,84nyj6
165,unknown_failure,84nyj6
166,unknown_failure,84nyj6
167,unknown_failure,84nyj6
168,AttributeError,84nyj6
169,unknown_failure,84nyj6
170,unknown_failure,84nyj6
171,unknown_failure,84nyj6
172,unknown_failure,84nyj6
173,unknown_failure,84nyj6
174,unknown_failure,84nyj6
175,AttributeError,84nyj6
176,AttributeError,84nyj6
177,unknown_failure,84nyj6
178,unknown_failure,84nyj6
179,AttributeError,84nyj6
180,unknown_failure,84nyj6
181,unknown_failure,84nyj6
182,unknown_failure,84nyj6
183,unknown_failure,84nyj6
184,unknown_failure,84nyj6
185,unknown_failure,84nyj6
186,unknown_failure,84nyj6
187,unknown_failure,84nyj6
188,unknown_failure,84nyj6
189,unknown_failure,84nyj6
190,unknown_failure,84nyj6
191,unknown_failure,84nyj6
192,unknown_failure,84nyj6
193,unknown_failure,84nyj6
194,unknown_failure,84nyj6
195,unknown_failure,84nyj6
196,AttributeError,84nyj6
197,unknown_failure,84nyj6
198,AttributeError,84nyj6
199,unknown_failure,84nyj6
200,unknown_failure,84nyj6
201,AttributeError,84nyj6
202,unknown_failure,84nyj6
203,unknown_failure,84nyj6
204,unknown_failure,84nyj6
205,AttributeError,84nyj6
206,unknown_failure,84nyj6
207,unknown_failure,84nyj6
208,unknown_failure,84nyj6
209,AttributeError,84nyj6
210,unknown_failure,84nyj6
211,unknown_failure,84nyj6
212,unknown_failure,84nyj6
213,unknown_failure,84nyj6
214,AttributeError,84nyj6
215,unknown_failure,84nyj6
216,unknown_failure,84nyj6
217,unknown_failure,84nyj6
218,unknown_failure,84nyj6
219,unknown_failure,84nyj6
220,AttributeError,84nyj6
221,unknown_failure,84nyj6
222,AttributeError,84nyj6
223,unknown_failure,84nyj6
224,unknown_failure,84nyj6
225,unknown_failure,84nyj6
226,AttributeError,84nyj6
227,unknown_failure,84nyj6
228,unknown_failure,84nyj6
229,unknown_failure,84nyj6
230,unknown_failure,84nyj6
231,unknown_failure,84nyj6
232,unknown_failure,84nyj6
233,unknown_failure,84nyj6
234,unknown_failure,84nyj6
235,unknown_failure,84nyj6
236,unknown_failure,84nyj6
237,unknown_failure,84nyj6
238,unknown_failure,84nyj6
239,unknown_failure,84nyj6
240,AttributeError,84nyj6
241,unknown_failure,84nyj6
242,unknown_failure,84nyj6
243,unknown_failure,84nyj6
244,unknown_failure,84nyj6
245,unknown_failure,84nyj6
246,unknown_failure,84nyj6
247,unknown_failure,84nyj6
248,unknown_failure,84nyj6
249,unknown_failure,84nyj6
250,unknown_failure,84nyj6
251,unknown_failure,84nyj6
252,AttributeError,84nyj6
253,unknown_failure,84nyj6
254,AttributeError,84nyj6
255,unknown_failure,84nyj6
256,unknown_failure,84nyj6
257,unknown_failure,84nyj6
258,unknown_failure,84nyj6
259,unknown_failure,84nyj6
260,unknown_failure,84nyj6
261,unknown_failure,84nyj6
262,unknown_failure,84nyj6
263,unknown_failure,84nyj6
264,unknown_failure,84nyj6
265,AttributeError,84nyj6
266,unknown_failure,84nyj6
267,unknown_failure,84nyj6
268,AttributeError,84nyj6
269,unknown_failure,84nyj6
270,unknown_failure,84nyj6
271,unknown_failure,84nyj6
272,AttributeError,84nyj6
273,unknown_failure,84nyj6
274,unknown_failure,84nyj6
275,unknown_failure,84nyj6
276,unknown_failure,84nyj6
277,AttributeError,84nyj6
278,unknown_failure,84nyj6
279,unknown_failure,84nyj6
280,unknown_failure,84nyj6
281,unknown_failure,84nyj6
282,AttributeError,84nyj6
283,AttributeError,84nyj6
284,unknown_failure,84nyj6
285,unknown_failure,84nyj6
286,unknown_failure,84nyj6
287,unknown_failure,84nyj6
288,unknown_failure,84nyj6
289,unknown_failure,84nyj6
290,unknown_failure,84nyj6
291,unknown_failure,84nyj6
292,AttributeError,84nyj6
293,unknown_failure,84nyj6
294,AttributeError,84nyj6
295,unknown_failure,84nyj6
296,unknown_failure,84nyj6
297,unknown_failure,84nyj6
298,unknown_failure,84nyj6
299,AttributeError,84nyj6
300,unknown_failure,84nyj6
301,unknown_failure,84nyj6
302,unknown_failure,84nyj6
303,unknown_failure,84nyj6
304,unknown_failure,84nyj6
305,unknown_failure,84nyj6
306,unknown_failure,84nyj6
307,unknown_failure,84nyj6
308,unknown_failure,84nyj6
309,AttributeError,84nyj6
310,unknown_failure,84nyj6
311,unknown_failure,84nyj6
312,unknown_failure,84nyj6
313,unknown_failure,84nyj6
314,AttributeError,84nyj6
315,AttributeError,84nyj6
316,unknown_failure,84nyj6
317,unknown_failure,84nyj6
318,unknown_failure,84nyj6
319,unknown_failure,84nyj6
320,unknown_failure,84nyj6
321,unknown_failure,84nyj6
322,unknown_failure,84nyj6
323,unknown_failure,84nyj6
324,unknown_failure,84nyj6
325,unknown_failure,84nyj6
326,unknown_failure,84nyj6
327,unknown_failure,84nyj6
328,unknown_failure,84nyj6
329,unknown_failure,84nyj6
330,unknown_failure,84nyj6
331,unknown_failure,84nyj6
332,unknown_failure,84nyj6
333,unknown_failure,84nyj6
334,unknown_failure,84nyj6
335,unknown_failure,84nyj6
336,unknown_failure,84nyj6
337,unknown_failure,84nyj6
338,AttributeError,84nyj6
339,AttributeError,84nyj6
340,AttributeError,84nyj6
341,unknown_failure,84nyj6
342,AttributeError,84nyj6
343,unknown_failure,84nyj6
344,unknown_failure,84nyj6
345,unknown_failure,84nyj6
346,unknown_failure,84nyj6
347,unknown_failure,84nyj6
348,unknown_failure,84nyj6
349,unknown_failure,84nyj6
350,unknown_failure,84nyj6
351,AttributeError,84nyj6
352,unknown_failure,84nyj6
353,unknown_failure,84nyj6
354,unknown_failure,84nyj6
355,unknown_failure,84nyj6
356,unknown_failure,84nyj6
357,unknown_failure,84nyj6
358,unknown_failure,84nyj6
359,unknown_failure,84nyj6
360,unknown_failure,84nyj6
361,unknown_failure,84nyj6
362,unknown_failure,84nyj6
363,AttributeError,84nyj6
364,AttributeError,84nyj6
365,unknown_failure,84nyj6
366,AttributeError,84nyj6
367,unknown_failure,84nyj6
368,unknown_failure,84nyj6
369,AttributeError,84nyj6
370,unknown_failure,84nyj6
371,unknown_failure,84nyj6
372,unknown_failure,84nyj6
373,unknown_failure,84nyj6
374,AttributeError,84nyj6
375,unknown_failure,84nyj6
376,unknown_failure,84nyj6
377,unknown_failure,84nyj6
378,AttributeError,84nyj6
379,AttributeError,84nyj6
380,unknown_failure,84nyj6
381,AttributeError,84nyj6
382,AttributeError,84nyj6
383,unknown_failure,84nyj6
384,AttributeError,84nyj6
385,unknown_failure,84nyj6
386,unknown_failure,84nyj6
387,unknown_failure,84nyj6
388,unknown_failure,84nyj6
389,unknown_failure,84nyj6
390,unknown_failure,84nyj6
391,AttributeError,84nyj6
392,AttributeError,84nyj6
393,unknown_failure,84nyj6
394,unknown_failure,84nyj6
395,unknown_failure,84nyj6
396,unknown_failure,84nyj6
397,unknown_failure,84nyj6
398,unknown_failure,84nyj6
399,unknown_failure,84nyj6
400,AttributeError,84nyj6
401,AttributeError,84nyj6
402,AttributeError,84nyj6
403,unknown_failure,84nyj6
404,AttributeError,84nyj6
405,unknown_failure,84nyj6
406,AttributeError,84nyj6
407,unknown_failure,84nyj6
408,AttributeError,84nyj6
409,AttributeError,84nyj6
410,unknown_failure,84nyj6
411,AttributeError,84nyj6
412,unknown_failure,84nyj6
413,unknown_failure,84nyj6
414,unknown_failure,84nyj6
415,unknown_failure,84nyj6
416,AttributeError,84nyj6
417,AttributeError,84nyj6
418,unknown_failure,84nyj6
419,unknown_failure,84nyj6
420,AttributeError,84nyj6
421,unknown_failure,84nyj6
422,AttributeError,84nyj6
423,unknown_failure,84nyj6
424,AttributeError,84nyj6
425,AttributeError,84nyj6
426,unknown_failure,84nyj6
427,unknown_failure,84nyj6
428,AttributeError,84nyj6
429,unknown_failure,84nyj6
430,AttributeError,84nyj6
431,AttributeError,84nyj6
432,unknown_failure,84nyj6
433,unknown_failure,84nyj6
434,unknown_failure,84nyj6
435,unknown_failure,84nyj6
436,unknown_failure,84nyj6
437,AttributeError,84nyj6
438,unknown_failure,84nyj6
439,unknown_failure,84nyj6
440,unknown_failure,84nyj6
441,unknown_failure,84nyj6
442,AttributeError,84nyj6
443,unknown_failure,84nyj6
444,AttributeError,84nyj6
445,unknown_failure,84nyj6
446,AttributeError,84nyj6
447,AttributeError,84nyj6
448,unknown_failure,84nyj6
449,unknown_failure,84nyj6
450,AttributeError,84nyj6
451,unknown_failure,84nyj6
452,unknown_failure,84nyj6
453,unknown_failure,84nyj6
454,unknown_failure,84nyj6
455,AttributeError,84nyj6
456,unknown_failure,84nyj6
457,AttributeError,84nyj6
458,unknown_failure,84nyj6
459,unknown_failure,84nyj6
460,unknown_failure,84nyj6
461,unknown_failure,84nyj6
462,AttributeError,84nyj6
463,AttributeError,84nyj6
464,unknown_failure,84nyj6
465,unknown_failure,84nyj6
466,unknown_failure,84nyj6
467,unknown_failure,84nyj6
468,unknown_failure,84nyj6
469,unknown_failure,84nyj6
470,unknown_failure,84nyj6
471,AttributeError,84nyj6
472,AttributeError,84nyj6
473,unknown_failure,84nyj6
474,unknown_failure,84nyj6
475,unknown_failure,84nyj6
476,unknown_failure,84nyj6
477,AttributeError,84nyj6
478,unknown_failure,84nyj6
479,unknown_failure,84nyj6
480,unknown_failure,84nyj6
481,unknown_failure,84nyj6
482,unknown_failure,84nyj6
483,unknown_failure,84nyj6
484,unknown_failure,84nyj6
485,unknown_failure,84nyj6
486,AttributeError,84nyj6
487,unknown_failure,84nyj6
488,unknown_failure,84nyj6
489,unknown_failure,84nyj6
490,unknown_failure,84nyj6
491,unknown_failure,84nyj6
492,AttributeError,84nyj6
493,unknown_failure,84nyj6
494,unknown_failure,84nyj6
495,unknown_failure,84nyj6
496,unknown_failure,84nyj6
497,unknown_failure,84nyj6
498,unknown_failure,84nyj6
499,unknown_failure,84nyj6
500,unknown_failure,84nyj6
501,unknown_failure,84nyj6
502,unknown_failure,84nyj6
503,unknown_failure,84nyj6
504,unknown_failure,84nyj6
505,unknown_failure,84nyj6
506,unknown_failure,84nyj6
507,unknown_failure,84nyj6
508,unknown_failure,84nyj6
509,AttributeError,84nyj6
510,unknown_failure,84nyj6
511,AttributeError,84nyj6
512,unknown_failure,84nyj6
513,unknown_failure,84nyj6
514,unknown_failure,84nyj6
515,unknown_failure,84nyj6
516,unknown_failure,84nyj6
517,unknown_failure,84nyj6
518,unknown_failure,84nyj6
519,unknown_failure,84nyj6
520,unknown_failure,84nyj6
521,unknown_failure,84nyj6
522,unknown_failure,84nyj6
523,AttributeError,84nyj6
524,unknown_failure,84nyj6
525,AttributeError,84nyj6
526,AttributeError,84nyj6
527,unknown_failure,84nyj6
528,unknown_failure,84nyj6
529,unknown_failure,84nyj6
530,AttributeError,84nyj6
531,unknown_failure,84nyj6
532,unknown_failure,84nyj6
533,AttributeError,84nyj6
534,unknown_failure,84nyj6
535,unknown_failure,84nyj6
536,unknown_failure,84nyj6
537,unknown_failure,84nyj6
538,unknown_failure,84nyj6
539,unknown_failure,84nyj6
540,AttributeError,84nyj6
541,unknown_failure,84nyj6
542,unknown_failure,84nyj6
543,unknown_failure,84nyj6
544,unknown_failure,84nyj6
545,unknown_failure,84nyj6
546,AttributeError,84nyj6
547,unknown_failure,84nyj6
548,unknown_failure,84nyj6
549,unknown_failure,84nyj6
550,unknown_failure,84nyj6
551,unknown_failure,84nyj6
552,unknown_failure,84nyj6
553,unknown_failure,84nyj6
554,unknown_failure,84nyj6
555,unknown_failure,84nyj6
556,unknown_failure,84nyj6
557,unknown_failure,84nyj6
558,unknown_failure,84nyj6
559,unknown_failure,84nyj6
560,unknown_failure,84nyj6
561,unknown_failure,84nyj6
562,unknown_failure,84nyj6
563,unknown_failure,84nyj6
564,unknown_failure,84nyj6
565,unknown_failure,84nyj6
566,unknown_failure,84nyj6
567,unknown_failure,84nyj6
568,unknown_failure,84nyj6
569,unknown_failure,84nyj6
570,AttributeError,84nyj6
571,unknown_failure,84nyj6
572,unknown_failure,84nyj6
573,AttributeError,84nyj6
574,unknown_failure,84nyj6
575,unknown_failure,84nyj6
576,unknown_failure,84nyj6
577,unknown_failure,84nyj6
578,unknown_failure,84nyj6
579,unknown_failure,84nyj6
580,unknown_failure,84nyj6
581,unknown_failure,84nyj6
582,unknown_failure,84nyj6
583,AttributeError,84nyj6
584,AttributeError,84nyj6
585,unknown_failure,84nyj6
586,AttributeError,84nyj6
587,unknown_failure,84nyj6
588,unknown_failure,84nyj6
589,unknown_failure,84nyj6
590,AttributeError,84nyj6
591,AttributeError,84nyj6
592,unknown_failure,84nyj6
593,AttributeError,84nyj6
594,unknown_failure,84nyj6
595,unknown_failure,84nyj6
596,unknown_failure,84nyj6
597,unknown_failure,84nyj6
598,AttributeError,84nyj6
599,unknown_failure,84nyj6
600,unknown_failure,84nyj6
601,unknown_failure,84nyj6
602,unknown_failure,84nyj6
603,unknown_failure,84nyj6
604,unknown_failure,84nyj6
605,unknown_failure,84nyj6
606,unknown_failure,84nyj6
607,AttributeError,84nyj6
608,unknown_failure,84nyj6
609,unknown_failure,84nyj6
610,unknown_failure,84nyj6
611,unknown_failure,84nyj6
612,unknown_failure,84nyj6
613,AttributeError,84nyj6
614,AttributeError,84nyj6
615,AttributeError,84nyj6
616,AttributeError,84nyj6
617,AttributeError,84nyj6
618,unknown_failure,84nyj6
619,unknown_failure,84nyj6
620,unknown_failure,84nyj6
621,unknown_failure,84nyj6
622,unknown_failure,84nyj6
623,unknown_failure,84nyj6
624,unknown_failure,84nyj6
625,unknown_failure,84nyj6
626,unknown_failure,84nyj6
627,AttributeError,84nyj6
628,unknown_failure,84nyj6
629,unknown_failure,84nyj6
630,AttributeError,84nyj6
631,unknown_failure,84nyj6
632,unknown_failure,84nyj6
633,unknown_failure,84nyj6
634,unknown_failure,84nyj6
635,AttributeError,84nyj6
636,unknown_failure,84nyj6
637,unknown_failure,84nyj6
638,AttributeError,84nyj6
639,unknown_failure,84nyj6
640,AttributeError,84nyj6
641,unknown_failure,84nyj6
642,unknown_failure,84nyj6
643,unknown_failure,84nyj6
644,unknown_failure,84nyj6
645,AttributeError,84nyj6
646,AttributeError,84nyj6
647,unknown_failure,84nyj6
648,unknown_failure,84nyj6
649,AttributeError,84nyj6
650,unknown_failure,84nyj6
651,AttributeError,84nyj6
652,unknown_failure,84nyj6
653,unknown_failure,84nyj6
654,unknown_failure,84nyj6
655,unknown_failure,84nyj6
656,AttributeError,84nyj6
657,unknown_failure,84nyj6
658,unknown_failure,84nyj6
659,unknown_failure,84nyj6
660,unknown_failure,84nyj6
661,unknown_failure,84nyj6
662,unknown_failure,84nyj6
663,unknown_failure,84nyj6
664,AttributeError,84nyj6
665,unknown_failure,84nyj6
666,AttributeError,84nyj6
667,unknown_failure,84nyj6
668,unknown_failure,84nyj6
669,unknown_failure,84nyj6
670,unknown_failure,84nyj6
671,unknown_failure,84nyj6
672,unknown_failure,84nyj6
673,unknown_failure,84nyj6
674,AttributeError,84nyj6
675,unknown_failure,84nyj6
676,AttributeError,84nyj6
677,unknown_failure,84nyj6
678,AttributeError,84nyj6
679,unknown_failure,84nyj6
680,AttributeError,84nyj6
681,unknown_failure,84nyj6
682,AttributeError,84nyj6
683,AttributeError,84nyj6
684,unknown_failure,84nyj6
685,unknown_failure,84nyj6
686,unknown_failure,84nyj6
687,unknown_failure,84nyj6
688,AttributeError,84nyj6
689,AttributeError,84nyj6
690,unknown_failure,84nyj6
691,AttributeError,84nyj6
692,AttributeError,84nyj6
693,AttributeError,84nyj6
694,unknown_failure,84nyj6
695,unknown_failure,84nyj6
696,unknown_failure,84nyj6
697,unknown_failure,84nyj6
698,unknown_failure,84nyj6
699,unknown_failure,84nyj6
700,unknown_failure,84nyj6
701,unknown_failure,84nyj6
702,unknown_failure,84nyj6
703,unknown_failure,84nyj6
704,unknown_failure,84nyj6
705,unknown_failure,84nyj6
706,unknown_failure,84nyj6
707,unknown_failure,84nyj6
708,unknown_failure,84nyj6
709,unknown_failure,84nyj6
710,unknown_failure,84nyj6
711,unknown_failure,84nyj6
712,unknown_failure,84nyj6
713,unknown_failure,84nyj6
714,unknown_failure,84nyj6
715,unknown_failure,84nyj6
716,unknown_failure,84nyj6
717,unknown_failure,84nyj6
718,unknown_failure,84nyj6
719,unknown_failure,84nyj6
720,unknown_failure,84nyj6
721,unknown_failure,84nyj6
722,unknown_failure,84nyj6
723,unknown_failure,84nyj6
724,AttributeError,84nyj6
725,unknown_failure,84nyj6
726,unknown_failure,84nyj6
727,unknown_failure,84nyj6
728,unknown_failure,84nyj6
729,AttributeError,84nyj6
730,unknown_failure,84nyj6
731,AttributeError,84nyj6
732,unknown_failure,84nyj6
733,unknown_failure,84nyj6
734,AttributeError,84nyj6
735,AttributeError,84nyj6
736,unknown_failure,84nyj6
737,unknown_failure,84nyj6
738,unknown_failure,84nyj6
739,unknown_failure,84nyj6
740,unknown_failure,84nyj6
741,unknown_failure,84nyj6
742,AttributeError,84nyj6
743,unknown_failure,84nyj6
744,unknown_failure,84nyj6
745,unknown_failure,84nyj6
746,unknown_failure,84nyj6
747,unknown_failure,84nyj6
748,unknown_failure,84nyj6
749,unknown_failure,84nyj6
750,unknown_failure,84nyj6
751,unknown_failure,84nyj6
752,unknown_failure,84nyj6
753,unknown_failure,84nyj6
754,unknown_failure,84nyj6
755,unknown_failure,84nyj6
756,unknown_failure,84nyj6
757,unknown_failure,84nyj6
758,AttributeError,84nyj6
759,AttributeError,84nyj6
760,unknown_failure,84nyj6
761,unknown_failure,84nyj6
762,unknown_failure,84nyj6
763,unknown_failure,84nyj6
764,unknown_failure,84nyj6
765,unknown_failure,84nyj6
766,unknown_failure,84nyj6
767,AttributeError,84nyj6
768,unknown_failure,84nyj6
769,unknown_failure,84nyj6
770,unknown_failure,84nyj6
771,unknown_failure,84nyj6
772,unknown_failure,84nyj6
773,unknown_failure,84nyj6
774,unknown_failure,84nyj6
775,AttributeError,84nyj6
776,AttributeError,84nyj6
777,AttributeError,84nyj6
778,AttributeError,84nyj6
779,unknown_failure,84nyj6
780,unknown_failure,84nyj6
781,unknown_failure,84nyj6
782,AttributeError,84nyj6
783,unknown_failure,84nyj6
784,unknown_failure,84nyj6
785,unknown_failure,84nyj6
786,unknown_failure,84nyj6
787,unknown_failure,84nyj6
788,AttributeError,84nyj6
789,unknown_failure,84nyj6
790,AttributeError,84nyj6
791,AttributeError,84nyj6
792,AttributeError,84nyj6
793,AttributeError,84nyj6
794,unknown_failure,84nyj6
795,unknown_failure,84nyj6
796,unknown_failure,84nyj6
797,AttributeError,84nyj6
798,unknown_failure,84nyj6
799,unknown_failure,84nyj6
800,unknown_failure,84nyj6
801,unknown_failure,84nyj6
802,unknown_failure,84nyj6
803,unknown_failure,84nyj6
804,unknown_failure,84nyj6
805,unknown_failure,84nyj6
806,unknown_failure,84nyj6
807,AttributeError,84nyj6
808,unknown_failure,84nyj6
809,unknown_failure,84nyj6
810,unknown_failure,84nyj6
811,AttributeError,84nyj6
812,unknown_failure,84nyj6
813,AttributeError,84nyj6
814,unknown_failure,84nyj6
815,unknown_failure,84nyj6
816,AttributeError,84nyj6
817,AttributeError,84nyj6
818,unknown_failure,84nyj6
819,unknown_failure,84nyj6
820,unknown_failure,84nyj6
821,unknown_failure,84nyj6
822,unknown_failure,84nyj6
823,unknown_failure,84nyj6
824,unknown_failure,84nyj6
825,unknown_failure,84nyj6
826,unknown_failure,84nyj6
827,unknown_failure,84nyj6
828,unknown_failure,84nyj6
829,unknown_failure,84nyj6
830,unknown_failure,84nyj6
831,unknown_failure,84nyj6
832,AttributeError,84nyj6
833,unknown_failure,84nyj6
834,unknown_failure,84nyj6
835,unknown_failure,84nyj6
836,unknown_failure,84nyj6
837,AttributeError,84nyj6
838,AttributeError,84nyj6
839,unknown_failure,84nyj6
840,AttributeError,84nyj6
841,unknown_failure,84nyj6
842,unknown_failure,84nyj6
843,unknown_failure,84nyj6
844,unknown_failure,84nyj6
845,unknown_failure,84nyj6
846,unknown_failure,84nyj6
847,unknown_failure,84nyj6
848,unknown_failure,84nyj6
849,unknown_failure,84nyj6
850,unknown_failure,84nyj6
851,AttributeError,84nyj6
852,unknown_failure,84nyj6
853,AttributeError,84nyj6
854,unknown_failure,84nyj6
855,unknown_failure,84nyj6
856,unknown_failure,84nyj6
857,unknown_failure,84nyj6
858,AttributeError,84nyj6
859,unknown_failure,84nyj6
860,AttributeError,84nyj6
861,unknown_failure,84nyj6
862,AttributeError,84nyj6
863,AttributeError,84nyj6
864,unknown_failure,84nyj6
865,unknown_failure,84nyj6
866,AttributeError,84nyj6
867,unknown_failure,84nyj6
868,AttributeError,84nyj6
869,unknown_failure,84nyj6
870,unknown_failure,84nyj6
871,unknown_failure,84nyj6
872,unknown_failure,84nyj6
873,unknown_failure,84nyj6
874,unknown_failure,84nyj6
875,unknown_failure,84nyj6
876,unknown_failure,84nyj6
877,unknown_failure,84nyj6
878,unknown_failure,84nyj6
879,unknown_failure,84nyj6
880,AttributeError,84nyj6
881,AttributeError,84nyj6
882,unknown_failure,84nyj6
883,unknown_failure,84nyj6
884,unknown_failure,84nyj6
885,unknown_failure,84nyj6
886,unknown_failure,84nyj6
887,unknown_failure,84nyj6
888,unknown_failure,84nyj6
889,unknown_failure,84nyj6
890,unknown_failure,84nyj6
891,AttributeError,84nyj6
892,unknown_failure,84nyj6
893,AttributeError,84nyj6
894,unknown_failure,84nyj6
895,unknown_failure,84nyj6
896,AttributeError,84nyj6
897,unknown_failure,84nyj6
898,unknown_failure,84nyj6
899,unknown_failure,84nyj6
900,unknown_failure,84nyj6
901,AttributeError,84nyj6
902,unknown_failure,84nyj6
903,unknown_failure,84nyj6
904,unknown_failure,84nyj6
905,AttributeError,84nyj6
906,unknown_failure,84nyj6
907,AttributeError,84nyj6
908,unknown_failure,84nyj6
909,unknown_failure,84nyj6
910,unknown_failure,84nyj6
911,unknown_failure,84nyj6
912,unknown_failure,84nyj6
913,unknown_failure,84nyj6
914,unknown_failure,84nyj6
915,unknown_failure,84nyj6
916,unknown_failure,84nyj6
917,unknown_failure,84nyj6
918,unknown_failure,84nyj6
919,unknown_failure,84nyj6
920,AttributeError,84nyj6
921,unknown_failure,84nyj6
922,unknown_failure,84nyj6
923,unknown_failure,84nyj6
924,unknown_failure,84nyj6
925,unknown_failure,84nyj6
926,unknown_failure,84nyj6
927,unknown_failure,84nyj6
928,unknown_failure,84nyj6
929,unknown_failure,84nyj6
930,unknown_failure,84nyj6
931,unknown_failure,84nyj6
932,unknown_failure,84nyj6
933,unknown_failure,84nyj6
934,unknown_failure,84nyj6
935,unknown_failure,84nyj6
936,unknown_failure,84nyj6
937,unknown_failure,84nyj6
938,unknown_failure,84nyj6
939,unknown_failure,84nyj6
940,unknown_failure,84nyj6
941,unknown_failure,84nyj6
942,unknown_failure,84nyj6
943,unknown_failure,84nyj6
944,unknown_failure,84nyj6
945,unknown_failure,84nyj6
946,AttributeError,84nyj6
947,unknown_failure,84nyj6
948,unknown_failure,84nyj6
949,AttributeError,84nyj6
950,unknown_failure,84nyj6
951,AttributeError,84nyj6
952,unknown_failure,84nyj6
953,unknown_failure,84nyj6
954,unknown_failure,84nyj6
955,unknown_failure,84nyj6
956,AttributeError,84nyj6
957,AttributeError,84nyj6
958,unknown_failure,84nyj6
959,unknown_failure,84nyj6
960,AttributeError,84nyj6
961,AttributeError,84nyj6
962,AttributeError,84nyj6
963,AttributeError,84nyj6
964,unknown_failure,84nyj6
965,AttributeError,84nyj6
966,AttributeError,84nyj6
967,AttributeError,84nyj6
968,unknown_failure,84nyj6
969,unknown_failure,84nyj6
970,AttributeError,84nyj6
971,AttributeError,84nyj6
972,AttributeError,84nyj6
973,unknown_failure,84nyj6
974,unknown_failure,84nyj6
975,AttributeError,84nyj6
976,unknown_failure,84nyj6
977,unknown_failure,84nyj6
978,AttributeError,84nyj6
979,unknown_failure,84nyj6
980,AttributeError,84nyj6
981,AttributeError,84nyj6
982,unknown_failure,84nyj6
983,AttributeError,84nyj6
984,AttributeError,84nyj6
985,unknown_failure,84nyj6
986,unknown_failure,84nyj6
987,AttributeError,84nyj6
988,AttributeError,84nyj6
989,unknown_failure,84nyj6
990,unknown_failure,84nyj6
991,AttributeError,84nyj6
992,unknown_failure,84nyj6
993,unknown_failure,84nyj6
994,AttributeError,84nyj6
995,unknown_failure,84nyj6
996,unknown_failure,84nyj6
997,AttributeError,84nyj6
998,AttributeError,84nyj6
999,AttributeError,84nyj6
1000,unknown_failure,84nyj6
1001,unknown_failure,84nyj6
1002,AttributeError,84nyj6
1003,unknown_failure,84nyj6
1004,AttributeError,84nyj6
1005,unknown_failure,84nyj6
1006,AttributeError,84nyj6
1007,unknown_failure,84nyj6
1008,unknown_failure,84nyj6
1009,AttributeError,84nyj6
1010,AttributeError,84nyj6
1011,unknown_failure,84nyj6
1012,unknown_failure,84nyj6
1013,unknown_failure,84nyj6
1014,unknown_failure,84nyj6
1015,unknown_failure,84nyj6
1016,AttributeError,84nyj6
1017,unknown_failure,84nyj6
1018,unknown_failure,84nyj6
1019,unknown_failure,84nyj6
1020,unknown_failure,84nyj6
1021,AttributeError,84nyj6
1022,unknown_failure,84nyj6
1023,AttributeError,84nyj6
1024,unknown_failure,84nyj6
1025,unknown_failure,84nyj6
1026,unknown_failure,84nyj6
1027,AttributeError,84nyj6
1028,unknown_failure,84nyj6
1029,unknown_failure,84nyj6
1030,AttributeError,84nyj6
1031,unknown_failure,84nyj6
1032,unknown_failure,84nyj6
1033,AttributeError,84nyj6
1034,unknown_failure,84nyj6
1035,AttributeError,84nyj6
1036,unknown_failure,84nyj6
1037,unknown_failure,84nyj6
1038,AttributeError,84nyj6
1039,unknown_failure,84nyj6
1040,AttributeError,84nyj6
1041,AttributeError,84nyj6
1042,AttributeError,84nyj6
1043,unknown_failure,84nyj6
1044,unknown_failure,84nyj6
1045,unknown_failure,84nyj6
1046,unknown_failure,84nyj6
1047,unknown_failure,84nyj6
1048,AttributeError,84nyj6
1049,AttributeError,84nyj6
1050,unknown_failure,84nyj6
1051,unknown_failure,84nyj6
1052,AttributeError,84nyj6
1053,unknown_failure,84nyj6
1054,unknown_failure,84nyj6
1055,AttributeError,84nyj6
1056,unknown_failure,84nyj6
1057,AttributeError,84nyj6
1058,unknown_failure,84nyj6
1059,unknown_failure,84nyj6
1060,AttributeError,84nyj6
1061,AttributeError,84nyj6
1062,unknown_failure,84nyj6
1063,unknown_failure,84nyj6
1064,AttributeError,84nyj6
1065,AttributeError,84nyj6
1066,AttributeError,84nyj6
1067,unknown_failure,84nyj6
1068,unknown_failure,84nyj6
1069,unknown_failure,84nyj6
1070,unknown_failure,84nyj6
1071,unknown_failure,84nyj6
1072,AttributeError,84nyj6
1073,unknown_failure,84nyj6
1074,unknown_failure,84nyj6
1075,unknown_failure,84nyj6
1076,unknown_failure,84nyj6
1077,unknown_failure,84nyj6
1078,unknown_failure,84nyj6
1079,unknown_failure,84nyj6
1080,unknown_failure,84nyj6
1081,unknown_failure,84nyj6
1082,unknown_failure,84nyj6
1083,AttributeError,84nyj6
1084,unknown_failure,84nyj6
1085,AttributeError,84nyj6
1086,unknown_failure,84nyj6
1087,AttributeError,84nyj6
1088,AttributeError,84nyj6
1089,unknown_failure,84nyj6
1090,unknown_failure,84nyj6
1091,unknown_failure,84nyj6
1092,unknown_failure,84nyj6
1093,AttributeError,84nyj6
1094,unknown_failure,84nyj6
1095,unknown_failure,84nyj6
1096,unknown_failure,84nyj6
1097,unknown_failure,84nyj6
1098,unknown_failure,84nyj6
1099,unknown_failure,84nyj6
1100,unknown_failure,84nyj6
1101,unknown_failure,84nyj6
1102,AttributeError,84nyj6
1103,AttributeError,84nyj6
1104,unknown_failure,84nyj6
1105,AttributeError,84nyj6
1106,AttributeError,84nyj6
1107,unknown_failure,84nyj6
1108,unknown_failure,84nyj6
1109,AttributeError,84nyj6
1110,unknown_failure,84nyj6
1111,unknown_failure,84nyj6
1112,unknown_failure,84nyj6
1113,unknown_failure,84nyj6
1114,unknown_failure,84nyj6
1115,AttributeError,84nyj6
1116,AttributeError,84nyj6
1117,AttributeError,84nyj6
1118,AttributeError,84nyj6
1119,unknown_failure,84nyj6
1120,AttributeError,84nyj6
1121,AttributeError,84nyj6
1122,unknown_failure,84nyj6
1123,unknown_failure,84nyj6
1124,unknown_failure,84nyj6
1125,AttributeError,84nyj6
1126,AttributeError,84nyj6
1127,AttributeError,84nyj6
1128,unknown_failure,84nyj6
1129,AttributeError,84nyj6
1130,unknown_failure,84nyj6
1131,AttributeError,84nyj6
1132,AttributeError,84nyj6
1133,AttributeError,84nyj6
1134,AttributeError,84nyj6
1135,unknown_failure,84nyj6
1136,AttributeError,84nyj6
1137,AttributeError,84nyj6
1138,unknown_failure,84nyj6
1139,AttributeError,84nyj6
1140,unknown_failure,84nyj6
1141,unknown_failure,84nyj6
1142,AttributeError,84nyj6
1143,unknown_failure,84nyj6
1144,AttributeError,84nyj6
1145,unknown_failure,84nyj6
1146,unknown_failure,84nyj6
1147,unknown_failure,84nyj6
1148,unknown_failure,84nyj6
1149,unknown_failure,84nyj6
1150,unknown_failure,84nyj6
1151,unknown_failure,84nyj6
1152,unknown_failure,84nyj6
1153,unknown_failure,84nyj6
1154,unknown_failure,84nyj6
1155,unknown_failure,84nyj6
1156,unknown_failure,84nyj6
1157,unknown_failure,84nyj6
1158,unknown_failure,84nyj6
1159,unknown_failure,84nyj6
1160,AttributeError,84nyj6
1161,unknown_failure,84nyj6
1162,unknown_failure,84nyj6
1163,unknown_failure,84nyj6
1164,unknown_failure,84nyj6
1165,unknown_failure,84nyj6
1166,unknown_failure,84nyj6
1167,unknown_failure,84nyj6
1168,unknown_failure,84nyj6
1169,unknown_failure,84nyj6
1170,unknown_failure,84nyj6
1171,unknown_failure,84nyj6
1172,unknown_failure,84nyj6
1173,AttributeError,84nyj6
1174,unknown_failure,84nyj6
1175,AttributeError,84nyj6
1176,unknown_failure,84nyj6
1177,unknown_failure,84nyj6
1178,unknown_failure,84nyj6
1179,unknown_failure,84nyj6
1180,unknown_failure,84nyj6
1181,unknown_failure,84nyj6
1182,unknown_failure,84nyj6
1183,unknown_failure,84nyj6
1184,unknown_failure,84nyj6
1185,unknown_failure,84nyj6
1186,AttributeError,84nyj6
1187,unknown_failure,84nyj6
1188,unknown_failure,84nyj6
1189,unknown_failure,84nyj6
1190,unknown_failure,84nyj6
1191,unknown_failure,84nyj6
1192,unknown_failure,84nyj6
1193,unknown_failure,84nyj6
1194,AttributeError,84nyj6
1195,unknown_failure,84nyj6
1196,unknown_failure,84nyj6
1197,unknown_failure,84nyj6
1198,unknown_failure,84nyj6
1199,unknown_failure,84nyj6
1200,unknown_failure,84nyj6
1201,unknown_failure,84nyj6
1202,unknown_failure,84nyj6
1203,unknown_failure,84nyj6
1204,unknown_failure,84nyj6
1205,unknown_failure,84nyj6
1206,unknown_failure,84nyj6
1207,unknown_failure,84nyj6
1208,unknown_failure,84nyj6
1209,unknown_failure,84nyj6
1210,unknown_failure,84nyj6
1211,unknown_failure,84nyj6
1212,unknown_failure,84nyj6
1213,AttributeError,84nyj6
1214,unknown_failure,84nyj6
1215,AttributeError,84nyj6
1216,unknown_failure,84nyj6
1217,unknown_failure,84nyj6
1218,unknown_failure,84nyj6
1219,unknown_failure,84nyj6
1220,unknown_failure,84nyj6
1221,unknown_failure,84nyj6
1222,AttributeError,84nyj6
1223,unknown_failure,84nyj6
1224,unknown_failure,84nyj6
1225,unknown_failure,84nyj6
1226,unknown_failure,84nyj6
1227,unknown_failure,84nyj6
1228,AttributeError,84nyj6
1229,AttributeError,84nyj6
1230,AttributeError,84nyj6
1231,unknown_failure,84nyj6
1232,unknown_failure,84nyj6
1233,unknown_failure,84nyj6
1234,unknown_failure,84nyj6
1235,unknown_failure,84nyj6
1236,unknown_failure,84nyj6
1237,unknown_failure,84nyj6
1238,unknown_failure,84nyj6
1239,unknown_failure,84nyj6
1240,unknown_failure,84nyj6
1241,unknown_failure,84nyj6
1242,unknown_failure,84nyj6
1243,AttributeError,84nyj6
1244,unknown_failure,84nyj6
1245,unknown_failure,84nyj6
1246,unknown_failure,84nyj6
1247,unknown_failure,84nyj6
1248,AttributeError,84nyj6
1249,unknown_failure,84nyj6
1250,unknown_failure,84nyj6
1251,AttributeError,84nyj6
1252,unknown_failure,84nyj6
1253,unknown_failure,84nyj6
1254,unknown_failure,84nyj6
1255,unknown_failure,84nyj6
1256,unknown_failure,84nyj6
1257,AttributeError,84nyj6
1258,unknown_failure,84nyj6
1259,unknown_failure,84nyj6
1260,unknown_failure,84nyj6
1261,unknown_failure,84nyj6
1262,unknown_failure,84nyj6
1263,unknown_failure,84nyj6
1264,unknown_failure,84nyj6
1265,AttributeError,84nyj6
1266,AttributeError,84nyj6
1267,unknown_failure,84nyj6
1268,AttributeError,84nyj6
1269,unknown_failure,84nyj6
1270,unknown_failure,84nyj6
1271,unknown_failure,84nyj6
1272,unknown_failure,84nyj6
1273,unknown_failure,84nyj6
1274,unknown_failure,84nyj6
1275,AttributeError,84nyj6
1276,unknown_failure,84nyj6
1277,unknown_failure,84nyj6
1278,AttributeError,84nyj6
1279,unknown_failure,84nyj6
1280,unknown_failure,84nyj6
1281,unknown_failure,84nyj6
1282,unknown_failure,84nyj6
1283,AttributeError,84nyj6
1284,unknown_failure,84nyj6
1285,unknown_failure,84nyj6
1286,AttributeError,84nyj6
1287,unknown_failure,84nyj6
1288,unknown_failure,84nyj6
1289,unknown_failure,84nyj6
1290,unknown_failure,84nyj6
1291,unknown_failure,84nyj6
1292,unknown_failure,84nyj6
1293,AttributeError,84nyj6
1294,unknown_failure,84nyj6
1295,unknown_failure,84nyj6
1296,unknown_failure,84nyj6
1297,unknown_failure,84nyj6
1298,unknown_failure,84nyj6
1299,unknown_failure,84nyj6
1300,unknown_failure,84nyj6
1301,unknown_failure,84nyj6
1302,unknown_failure,84nyj6
1303,unknown_failure,84nyj6
1304,unknown_failure,84nyj6
1305,unknown_failure,84nyj6
1306,unknown_failure,84nyj6
1307,AttributeError,84nyj6
1308,unknown_failure,84nyj6
1309,unknown_failure,84nyj6
1310,AttributeError,84nyj6
1311,unknown_failure,84nyj6
1312,unknown_failure,84nyj6
1313,unknown_failure,84nyj6
1314,unknown_failure,84nyj6
1315,AttributeError,84nyj6
1316,unknown_failure,84nyj6
1317,unknown_failure,84nyj6
1318,unknown_failure,84nyj6
1319,unknown_failure,84nyj6
1320,unknown_failure,84nyj6
1321,unknown_failure,84nyj6
1322,AttributeError,84nyj6
1323,unknown_failure,84nyj6
1324,unknown_failure,84nyj6
1325,AttributeError,84nyj6
1326,AttributeError,84nyj6
1327,AttributeError,84nyj6
1328,unknown_failure,84nyj6
1329,AttributeError,84nyj6
1330,unknown_failure,84nyj6
1331,AttributeError,84nyj6
1332,unknown_failure,84nyj6
1333,unknown_failure,84nyj6
1334,AttributeError,84nyj6
1335,AttributeError,84nyj6
1336,unknown_failure,84nyj6
1337,unknown_failure,84nyj6
1338,AttributeError,84nyj6
1339,AttributeError,84nyj6
1340,unknown_failure,84nyj6
1341,AttributeError,84nyj6
1342,unknown_failure,84nyj6
1343,AttributeError,84nyj6
1344,unknown_failure,84nyj6
1345,unknown_failure,84nyj6
1346,unknown_failure,84nyj6
1347,AttributeError,84nyj6
1348,AttributeError,84nyj6
1349,AttributeError,84nyj6
1350,AttributeError,84nyj6
1351,AttributeError,84nyj6
1352,unknown_failure,84nyj6
1353,AttributeError,84nyj6
1354,AttributeError,84nyj6
1355,unknown_failure,84nyj6
1356,unknown_failure,84nyj6
1357,unknown_failure,84nyj6
1358,unknown_failure,84nyj6
1359,AttributeError,84nyj6
1360,unknown_failure,84nyj6
1361,unknown_failure,84nyj6
1362,AttributeError,84nyj6
1363,unknown_failure,84nyj6
1364,unknown_failure,84nyj6
1365,unknown_failure,84nyj6
1366,unknown_failure,84nyj6
1367,unknown_failure,84nyj6
1368,AttributeError,84nyj6
1369,unknown_failure,84nyj6
1370,unknown_failure,84nyj6
1371,unknown_failure,84nyj6
1372,unknown_failure,84nyj6
1373,unknown_failure,84nyj6
1374,unknown_failure,84nyj6
1375,unknown_failure,84nyj6
1376,unknown_failure,84nyj6
1377,AttributeError,84nyj6
1378,unknown_failure,84nyj6
1379,unknown_failure,84nyj6
1380,unknown_failure,84nyj6
1381,AttributeError,84nyj6
1382,unknown_failure,84nyj6
1383,unknown_failure,84nyj6
1384,unknown_failure,84nyj6
1385,unknown_failure,84nyj6
1386,unknown_failure,84nyj6
1387,unknown_failure,84nyj6
1388,unknown_failure,84nyj6
1389,AttributeError,84nyj6
1390,unknown_failure,84nyj6
1391,AttributeError,84nyj6
1392,unknown_failure,84nyj6
1393,unknown_failure,84nyj6
1394,unknown_failure,84nyj6
1395,AttributeError,84nyj6
1396,AttributeError,84nyj6
1397,unknown_failure,84nyj6
1398,unknown_failure,84nyj6
1399,AttributeError,84nyj6
1400,unknown_failure,84nyj6
1401,AttributeError,84nyj6
1402,AttributeError,84nyj6
1403,unknown_failure,84nyj6
1404,AttributeError,84nyj6
1405,unknown_failure,84nyj6
1406,AttributeError,84nyj6
1407,unknown_failure,84nyj6
1408,AttributeError,84nyj6
1409,unknown_failure,84nyj6
1410,AttributeError,84nyj6
1411,AttributeError,84nyj6
1412,AttributeError,84nyj6
1413,AttributeError,84nyj6
1414,AttributeError,84nyj6
1415,AttributeError,84nyj6
1416,AttributeError,84nyj6
1417,AttributeError,84nyj6
1418,AttributeError,84nyj6
1419,AttributeError,84nyj6
1420,unknown_failure,84nyj6
1421,AttributeError,84nyj6
1422,AttributeError,84nyj6
1423,unknown_failure,84nyj6
1424,unknown_failure,84nyj6
1425,unknown_failure,84nyj6
1426,unknown_failure,84nyj6
1427,unknown_failure,84nyj6
1428,unknown_failure,84nyj6
1429,unknown_failure,84nyj6
1430,unknown_failure,84nyj6
1431,unknown_failure,84nyj6
1432,unknown_failure,84nyj6
1433,unknown_failure,84nyj6
1434,unknown_failure,84nyj6
1435,unknown_failure,84nyj6
1436,unknown_failure,84nyj6
1437,unknown_failure,84nyj6
1438,unknown_failure,84nyj6
1439,unknown_failure,84nyj6
1440,AttributeError,84nyj6
1441,unknown_failure,84nyj6
1442,unknown_failure,84nyj6
1443,unknown_failure,84nyj6
1444,AttributeError,84nyj6
1445,AttributeError,84nyj6
1446,unknown_failure,84nyj6
1447,unknown_failure,84nyj6
1448,unknown_failure,84nyj6
1449,unknown_failure,84nyj6
1450,unknown_failure,84nyj6
1451,AttributeError,84nyj6
1452,unknown_failure,84nyj6
1453,unknown_failure,84nyj6
1454,AttributeError,84nyj6
1455,AttributeError,84nyj6
1456,AttributeError,84nyj6
1457,unknown_failure,84nyj6
1458,AttributeError,84nyj6
1459,AttributeError,84nyj6
1460,AttributeError,84nyj6
1461,unknown_failure,84nyj6
1462,AttributeError,84nyj6
1463,unknown_failure,84nyj6
1464,AttributeError,84nyj6
1465,unknown_failure,84nyj6
1466,unknown_failure,84nyj6
1467,AttributeError,84nyj6
1468,unknown_failure,84nyj6
1469,AttributeError,84nyj6
1470,unknown_failure,84nyj6
1471,unknown_failure,84nyj6
1472,unknown_failure,84nyj6
1473,unknown_failure,84nyj6
1474,unknown_failure,84nyj6
1475,AttributeError,84nyj6
1476,AttributeError,84nyj6
1477,unknown_failure,84nyj6
1478,AttributeError,84nyj6
1479,AttributeError,84nyj6
1480,unknown_failure,84nyj6
1481,unknown_failure,84nyj6
1482,unknown_failure,84nyj6
1483,unknown_failure,84nyj6
1484,unknown_failure,84nyj6
1485,unknown_failure,84nyj6
1486,unknown_failure,84nyj6
1487,AttributeError,84nyj6
1488,unknown_failure,84nyj6
1489,unknown_failure,84nyj6
1490,unknown_failure,84nyj6
1491,unknown_failure,84nyj6
1492,AttributeError,84nyj6
1493,unknown_failure,84nyj6
1494,unknown_failure,84nyj6
1495,AttributeError,84nyj6
1496,unknown_failure,84nyj6
1497,unknown_failure,84nyj6
1498,AttributeError,84nyj6
1499,AttributeError,84nyj6
1500,unknown_failure,84nyj6
1501,unknown_failure,84nyj6
1502,unknown_failure,84nyj6
1503,unknown_failure,84nyj6
1504,unknown_failure,84nyj6
1505,unknown_failure,84nyj6
1506,unknown_failure,84nyj6
1507,unknown_failure,84nyj6
1508,unknown_failure,84nyj6
1509,unknown_failure,84nyj6
1510,unknown_failure,84nyj6
1511,AttributeError,84nyj6
1512,unknown_failure,84nyj6
1513,AttributeError,84nyj6
1514,unknown_failure,84nyj6
1515,AttributeError,84nyj6
1516,unknown_failure,84nyj6
1517,unknown_failure,84nyj6
1518,unknown_failure,84nyj6
1519,unknown_failure,84nyj6
1520,unknown_failure,84nyj6
1521,unknown_failure,84nyj6
1522,unknown_failure,84nyj6
1523,unknown_failure,84nyj6
1524,unknown_failure,84nyj6
1525,unknown_failure,84nyj6
1526,unknown_failure,84nyj6
1527,unknown_failure,84nyj6
1528,unknown_failure,84nyj6
1529,unknown_failure,84nyj6
1530,unknown_failure,84nyj6
1531,unknown_failure,84nyj6
1532,unknown_failure,84nyj6
1533,unknown_failure,84nyj6
1534,unknown_failure,84nyj6
1535,unknown_failure,84nyj6
1536,AttributeError,84nyj6
1537,unknown_failure,84nyj6
1538,AttributeError,84nyj6
1539,unknown_failure,84nyj6
1540,unknown_failure,84nyj6
1541,unknown_failure,84nyj6
1542,AttributeError,84nyj6
1543,unknown_failure,84nyj6
1544,unknown_failure,84nyj6
1545,unknown_failure,84nyj6
1546,unknown_failure,84nyj6
1547,unknown_failure,84nyj6
1548,AttributeError,84nyj6
1549,unknown_failure,84nyj6
1550,AttributeError,84nyj6
1551,AttributeError,84nyj6
1552,unknown_failure,84nyj6
1553,unknown_failure,84nyj6
1554,AttributeError,84nyj6
1555,unknown_failure,84nyj6
1556,unknown_failure,84nyj6
1557,unknown_failure,84nyj6
1558,unknown_failure,84nyj6
1559,AttributeError,84nyj6
1560,unknown_failure,84nyj6
1561,unknown_failure,84nyj6
1562,unknown_failure,84nyj6
1563,unknown_failure,84nyj6
1564,unknown_failure,84nyj6
1565,unknown_failure,84nyj6
1566,unknown_failure,84nyj6
1567,unknown_failure,84nyj6
1568,unknown_failure,84nyj6
1569,AttributeError,84nyj6
1570,unknown_failure,84nyj6
1571,unknown_failure,84nyj6
1572,unknown_failure,84nyj6
1573,AttributeError,84nyj6
1574,AttributeError,84nyj6
1575,unknown_failure,84nyj6
1576,unknown_failure,84nyj6
1577,unknown_failure,84nyj6
1578,unknown_failure,84nyj6
1579,unknown_failure,84nyj6
1580,unknown_failure,84nyj6
1581,unknown_failure,84nyj6
1582,AttributeError,84nyj6
1583,unknown_failure,84nyj6
1584,unknown_failure,84nyj6
1585,unknown_failure,84nyj6
1586,AttributeError,84nyj6
1587,unknown_failure,84nyj6
1588,unknown_failure,84nyj6
1589,unknown_failure,84nyj6
1590,AttributeError,84nyj6
1591,AttributeError,84nyj6
1592,unknown_failure,84nyj6
1593,AttributeError,84nyj6
1594,unknown_failure,84nyj6
1595,unknown_failure,84nyj6
1596,unknown_failure,84nyj6
1597,unknown_failure,84nyj6
1598,unknown_failure,84nyj6
1599,AttributeError,84nyj6
1600,AttributeError,84nyj6
1601,unknown_failure,84nyj6
1602,unknown_failure,84nyj6
1603,AttributeError,84nyj6
1604,AttributeError,84nyj6
1605,AttributeError,84nyj6
1606,AttributeError,84nyj6
1607,unknown_failure,84nyj6
1608,unknown_failure,84nyj6
1609,unknown_failure,84nyj6
1610,AttributeError,84nyj6
1611,unknown_failure,84nyj6
1612,unknown_failure,84nyj6
1613,unknown_failure,84nyj6
1614,AttributeError,84nyj6
1615,AttributeError,84nyj6
1616,AttributeError,84nyj6
1617,unknown_failure,84nyj6
1618,AttributeError,84nyj6
1619,AttributeError,84nyj6
1620,unknown_failure,84nyj6
1621,AttributeError,84nyj6
1622,AttributeError,84nyj6
1623,AttributeError,84nyj6
1624,AttributeError,84nyj6
1625,unknown_failure,84nyj6
1626,AttributeError,84nyj6
1627,unknown_failure,84nyj6
1628,AttributeError,84nyj6
1629,unknown_failure,84nyj6
1630,AttributeError,84nyj6
1631,AttributeError,84nyj6
1632,unknown_failure,84nyj6
1633,unknown_failure,84nyj6
1634,unknown_failure,84nyj6
1635,unknown_failure,84nyj6
1636,unknown_failure,84nyj6
1637,unknown_failure,84nyj6
1638,unknown_failure,84nyj6
1639,unknown_failure,84nyj6
1640,AttributeError,84nyj6
1641,unknown_failure,84nyj6
1642,unknown_failure,84nyj6
1643,unknown_failure,84nyj6
1644,unknown_failure,84nyj6
1645,unknown_failure,84nyj6
1646,unknown_failure,84nyj6
1647,unknown_failure,84nyj6
1648,unknown_failure,84nyj6
1649,AttributeError,84nyj6
1650,unknown_failure,84nyj6
1651,unknown_failure,84nyj6
1652,unknown_failure,84nyj6
1653,unknown_failure,84nyj6
1654,unknown_failure,84nyj6
1655,unknown_failure,84nyj6
1656,unknown_failure,84nyj6
1657,unknown_failure,84nyj6
1658,AttributeError,84nyj6
1659,AttributeError,84nyj6
1660,AttributeError,84nyj6
1661,unknown_failure,84nyj6
1662,unknown_failure,84nyj6
1663,AttributeError,84nyj6
1664,unknown_failure,84nyj6
1665,AttributeError,84nyj6
1666,unknown_failure,84nyj6
1667,unknown_failure,84nyj6
1668,unknown_failure,84nyj6
1669,AttributeError,84nyj6
1670,unknown_failure,84nyj6
1671,unknown_failure,84nyj6
1672,unknown_failure,84nyj6
1673,unknown_failure,84nyj6
1674,AttributeError,84nyj6
1675,AttributeError,84nyj6
1676,AttributeError,84nyj6
1677,unknown_failure,84nyj6
1678,unknown_failure,84nyj6
1679,AttributeError,84nyj6
1680,AttributeError,84nyj6
1681,AttributeError,84nyj6
1682,AttributeError,84nyj6
1683,unknown_failure,84nyj6
1684,AttributeError,84nyj6
1685,unknown_failure,84nyj6
1686,unknown_failure,84nyj6
1687,AttributeError,84nyj6
1688,AttributeError,84nyj6
1689,AttributeError,84nyj6
1690,unknown_failure,84nyj6
1691,unknown_failure,84nyj6
1692,AttributeError,84nyj6
1693,AttributeError,84nyj6
1694,AttributeError,84nyj6
1695,unknown_failure,84nyj6
1696,AttributeError,84nyj6
1697,AttributeError,84nyj6
1698,AttributeError,84nyj6
1699,unknown_failure,84nyj6
1700,AttributeError,84nyj6
1701,unknown_failure,84nyj6
1702,AttributeError,84nyj6
1703,AttributeError,84nyj6
1704,unknown_failure,84nyj6
1705,unknown_failure,84nyj6
1706,unknown_failure,84nyj6
1707,unknown_failure,84nyj6
1708,unknown_failure,84nyj6
1709,unknown_failure,84nyj6
1710,unknown_failure,84nyj6
1711,AttributeError,84nyj6
1712,unknown_failure,84nyj6
1713,unknown_failure,84nyj6
1714,unknown_failure,84nyj6
1715,unknown_failure,84nyj6
1716,AttributeError,84nyj6
1717,unknown_failure,84nyj6
1718,unknown_failure,84nyj6
1719,unknown_failure,84nyj6
1720,unknown_failure,84nyj6
1721,AttributeError,84nyj6
1722,unknown_failure,84nyj6
1723,AttributeError,84nyj6
1724,unknown_failure,84nyj6
1725,unknown_failure,84nyj6
1726,unknown_failure,84nyj6
1727,unknown_failure,84nyj6
1728,unknown_failure,84nyj6
1729,unknown_failure,84nyj6
1730,unknown_failure,84nyj6
1731,AttributeError,84nyj6
1732,unknown_failure,84nyj6
1733,unknown_failure,84nyj6
1734,unknown_failure,84nyj6
1735,unknown_failure,84nyj6
1736,unknown_failure,84nyj6
1737,unknown_failure,84nyj6
1738,unknown_failure,84nyj6
1739,unknown_failure,84nyj6
1740,unknown_failure,84nyj6
1741,unknown_failure,84nyj6
1742,unknown_failure,84nyj6
1743,unknown_failure,84nyj6
1744,unknown_failure,84nyj6
1745,unknown_failure,84nyj6
1746,unknown_failure,84nyj6
1747,unknown_failure,84nyj6
1748,unknown_failure,84nyj6
1749,unknown_failure,84nyj6
1750,unknown_failure,84nyj6
1751,unknown_failure,84nyj6
1752,unknown_failure,84nyj6
1753,unknown_failure,84nyj6
1754,unknown_failure,84nyj6
1755,AttributeError,84nyj6
1756,unknown_failure,84nyj6
1757,unknown_failure,84nyj6
1758,unknown_failure,84nyj6
1759,unknown_failure,84nyj6
1760,AttributeError,84nyj6
1761,AttributeError,84nyj6
1762,unknown_failure,84nyj6
1763,AttributeError,84nyj6
1764,unknown_failure,84nyj6
1765,unknown_failure,84nyj6
1766,unknown_failure,84nyj6
1767,unknown_failure,84nyj6
1768,unknown_failure,84nyj6
1769,unknown_failure,84nyj6
1770,unknown_failure,84nyj6
1771,unknown_failure,84nyj6
1772,AttributeError,84nyj6
1773,unknown_failure,84nyj6
1774,unknown_failure,84nyj6
1775,unknown_failure,84nyj6
1776,unknown_failure,84nyj6
1777,unknown_failure,84nyj6
1778,unknown_failure,84nyj6
1779,AttributeError,84nyj6
1780,unknown_failure,84nyj6
1781,unknown_failure,84nyj6
1782,AttributeError,84nyj6
1783,unknown_failure,84nyj6
1784,unknown_failure,84nyj6
1785,unknown_failure,84nyj6
1786,unknown_failure,84nyj6
1787,AttributeError,84nyj6
1788,unknown_failure,84nyj6
1789,AttributeError,84nyj6
1790,unknown_failure,84nyj6
1791,unknown_failure,84nyj6
1792,AttributeError,84nyj6
1793,AttributeError,84nyj6
1794,unknown_failure,84nyj6
1795,AttributeError,84nyj6
1796,AttributeError,84nyj6
1797,unknown_failure,84nyj6
1798,unknown_failure,84nyj6
1799,AttributeError,84nyj6
1800,unknown_failure,84nyj6
1801,unknown_failure,84nyj6
1802,unknown_failure,84nyj6
1803,unknown_failure,84nyj6
1804,AttributeError,84nyj6
1805,AttributeError,84nyj6
1806,unknown_failure,84nyj6
1807,AttributeError,84nyj6
1808,AttributeError,84nyj6
1809,AttributeError,84nyj6
1810,AttributeError,84nyj6
1811,AttributeError,84nyj6
1812,AttributeError,84nyj6
1813,unknown_failure,84nyj6
1814,AttributeError,84nyj6
1815,AttributeError,84nyj6
1816,unknown_failure,84nyj6
1817,unknown_failure,84nyj6
1818,unknown_failure,84nyj6
1819,unknown_failure,84nyj6
1820,unknown_failure,84nyj6
1821,unknown_failure,84nyj6
1822,unknown_failure,84nyj6
1823,unknown_failure,84nyj6
1824,unknown_failure,84nyj6
1825,unknown_failure,84nyj6
1826,unknown_failure,84nyj6
1827,unknown_failure,84nyj6
1828,unknown_failure,84nyj6
1829,unknown_failure,84nyj6
1830,unknown_failure,84nyj6
1831,unknown_failure,84nyj6
1832,AttributeError,84nyj6
1833,unknown_failure,84nyj6
1834,unknown_failure,84nyj6
1835,unknown_failure,84nyj6
1836,AttributeError,84nyj6
1837,unknown_failure,84nyj6
1838,AttributeError,84nyj6
1839,unknown_failure,84nyj6
1840,unknown_failure,84nyj6
1841,unknown_failure,84nyj6
1842,unknown_failure,84nyj6
1843,unknown_failure,84nyj6
1844,AttributeError,84nyj6
1845,AttributeError,84nyj6
1846,unknown_failure,84nyj6
1847,AttributeError,84nyj6
1848,AttributeError,84nyj6
1849,AttributeError,84nyj6
1850,AttributeError,84nyj6
1851,AttributeError,84nyj6
1852,AttributeError,84nyj6
1853,AttributeError,84nyj6
1854,unknown_failure,84nyj6
1855,unknown_failure,84nyj6
1856,unknown_failure,84nyj6
1857,AttributeError,84nyj6
1858,AttributeError,84nyj6
1859,AttributeError,84nyj6
1860,AttributeError,84nyj6
1861,AttributeError,84nyj6
1862,unknown_failure,84nyj6
1863,unknown_failure,84nyj6
1864,unknown_failure,84nyj6
1865,unknown_failure,84nyj6
1866,unknown_failure,84nyj6
1867,unknown_failure,84nyj6
1868,unknown_failure,84nyj6
1869,unknown_failure,84nyj6
1870,AttributeError,84nyj6
1871,unknown_failure,84nyj6
1872,AttributeError,84nyj6
1873,unknown_failure,84nyj6
1874,unknown_failure,84nyj6
1875,AttributeError,84nyj6
1876,unknown_failure,84nyj6
1877,AttributeError,84nyj6
1878,unknown_failure,84nyj6
1879,AttributeError,84nyj6
1880,unknown_failure,84nyj6
1881,unknown_failure,84nyj6
1882,AttributeError,84nyj6
1883,AttributeError,84nyj6
1884,AttributeError,84nyj6
1885,unknown_failure,84nyj6
1886,unknown_failure,84nyj6
1887,unknown_failure,84nyj6
1888,unknown_failure,84nyj6
1889,unknown_failure,84nyj6
1890,unknown_failure,84nyj6
1891,AttributeError,84nyj6
1892,AttributeError,84nyj6
1893,unknown_failure,84nyj6
1894,unknown_failure,84nyj6
1895,unknown_failure,84nyj6
1896,AttributeError,84nyj6
1897,unknown_failure,84nyj6
1898,unknown_failure,84nyj6
1899,unknown_failure,84nyj6
1900,AttributeError,84nyj6
1901,unknown_failure,84nyj6
1902,unknown_failure,84nyj6
1903,unknown_failure,84nyj6
1904,unknown_failure,84nyj6
1905,unknown_failure,84nyj6
1906,unknown_failure,84nyj6
1907,unknown_failure,84nyj6
1908,unknown_failure,84nyj6
1909,unknown_failure,84nyj6
1910,unknown_failure,84nyj6
1911,unknown_failure,84nyj6
1912,unknown_failure,84nyj6
1913,AttributeError,84nyj6
1914,unknown_failure,84nyj6
1915,AttributeError,84nyj6
1916,unknown_failure,84nyj6
1917,unknown_failure,84nyj6
1918,AttributeError,84nyj6
1919,unknown_failure,84nyj6
1920,unknown_failure,84nyj6
1921,unknown_failure,84nyj6
1922,AttributeError,84nyj6
1923,AttributeError,84nyj6
1924,unknown_failure,84nyj6
1925,unknown_failure,84nyj6
1926,unknown_failure,84nyj6
1927,unknown_failure,84nyj6
1928,unknown_failure,84nyj6
1929,unknown_failure,84nyj6
1930,unknown_failure,84nyj6
1931,unknown_failure,84nyj6
1932,unknown_failure,84nyj6
1933,AttributeError,84nyj6
1934,unknown_failure,84nyj6
1935,unknown_failure,84nyj6
1936,AttributeError,84nyj6
1937,AttributeError,84nyj6
1938,unknown_failure,84nyj6
1939,unknown_failure,84nyj6
1940,unknown_failure,84nyj6
1941,unknown_failure,84nyj6
1942,unknown_failure,84nyj6
1943,unknown_failure,84nyj6
1944,unknown_failure,84nyj6
1945,AttributeError,84nyj6
1946,unknown_failure,84nyj6
1947,unknown_failure,84nyj6
1948,unknown_failure,84nyj6
1949,unknown_failure,84nyj6
1950,unknown_failure,84nyj6
1951,AttributeError,84nyj6
1952,unknown_failure,84nyj6
1953,AttributeError,84nyj6
1954,AttributeError,84nyj6
1955,AttributeError,84nyj6
1956,AttributeError,84nyj6
1957,AttributeError,84nyj6
1958,unknown_failure,84nyj6
1959,unknown_failure,84nyj6
1960,AttributeError,84nyj6
1961,AttributeError,84nyj6
1962,AttributeError,84nyj6
1963,AttributeError,84nyj6
1964,unknown_failure,84nyj6
1965,unknown_failure,84nyj6
1966,AttributeError,84nyj6
1967,AttributeError,84nyj6
1968,unknown_failure,84nyj6
1969,unknown_failure,84nyj6
1970,unknown_failure,84nyj6
1971,unknown_failure,84nyj6
1972,unknown_failure,84nyj6
1973,unknown_failure,84nyj6
1974,unknown_failure,84nyj6
1975,unknown_failure,84nyj6
1976,unknown_failure,84nyj6
1977,AttributeError,84nyj6
1978,unknown_failure,84nyj6
1979,AttributeError,84nyj6
1980,unknown_failure,84nyj6
1981,unknown_failure,84nyj6
1982,unknown_failure,84nyj6
1983,unknown_failure,84nyj6
1984,unknown_failure,84nyj6
1985,AttributeError,84nyj6
1986,AttributeError,84nyj6
1987,AttributeError,84nyj6
1988,AttributeError,84nyj6
1989,unknown_failure,84nyj6
1990,unknown_failure,84nyj6
1991,unknown_failure,84nyj6
1992,unknown_failure,84nyj6
1993,unknown_failure,84nyj6
1994,unknown_failure,84nyj6
1995,AttributeError,84nyj6
1996,unknown_failure,84nyj6
1997,AttributeError,84nyj6
1998,unknown_failure,84nyj6
1999,unknown_failure,84nyj6
2000,unknown_failure,84nyj6
2001,unknown_failure,84nyj6
2002,unknown_failure,84nyj6
2003,unknown_failure,84nyj6
2004,unknown_failure,84nyj6
2005,unknown_failure,84nyj6
2006,AttributeError,84nyj6
2007,unknown_failure,84nyj6
2008,unknown_failure,84nyj6
2009,AttributeError,84nyj6
2010,AttributeError,84nyj6
2011,AttributeError,84nyj6
2012,AttributeError,84nyj6
2013,unknown_failure,84nyj6
2014,AttributeError,84nyj6
2015,unknown_failure,84nyj6
2016,AttributeError,84nyj6
2017,AttributeError,84nyj6
2018,AttributeError,84nyj6
2019,AttributeError,84nyj6
2020,unknown_failure,84nyj6
2021,AttributeError,84nyj6
2022,unknown_failure,84nyj6
2023,unknown_failure,84nyj6
2024,unknown_failure,84nyj6
2025,unknown_failure,84nyj6
2026,unknown_failure,84nyj6
2027,unknown_failure,84nyj6
2028,AttributeError,84nyj6
2029,unknown_failure,84nyj6
2030,unknown_failure,84nyj6
2031,unknown_failure,84nyj6
2032,AttributeError,84nyj6
2033,unknown_failure,84nyj6
2034,unknown_failure,84nyj6
2035,AttributeError,84nyj6
2036,unknown_failure,84nyj6
2037,AttributeError,84nyj6
2038,unknown_failure,84nyj6
2039,unknown_failure,84nyj6
2040,unknown_failure,84nyj6
2041,unknown_failure,84nyj6
2042,unknown_failure,84nyj6
2043,unknown_failure,84nyj6
2044,unknown_failure,84nyj6
2045,unknown_failure,84nyj6
2046,unknown_failure,84nyj6
2047,unknown_failure,84nyj6
2048,unknown_failure,84nyj6
2049,unknown_failure,84nyj6
2050,unknown_failure,84nyj6
2051,unknown_failure,84nyj6
2052,unknown_failure,84nyj6
2053,unknown_failure,84nyj6
2054,unknown_failure,84nyj6
2055,unknown_failure,84nyj6
2056,unknown_failure,84nyj6
2057,unknown_failure,84nyj6
2058,unknown_failure,84nyj6
2059,unknown_failure,84nyj6
2060,unknown_failure,84nyj6
2061,unknown_failure,84nyj6
2062,unknown_failure,84nyj6
2063,AttributeError,84nyj6
2064,AttributeError,84nyj6
2065,AttributeError,84nyj6
2066,unknown_failure,84nyj6
2067,AttributeError,84nyj6
2068,AttributeError,84nyj6
2069,AttributeError,84nyj6
2070,AttributeError,84nyj6
2071,unknown_failure,84nyj6
2072,AttributeError,84nyj6
2073,AttributeError,84nyj6
2074,AttributeError,84nyj6
2075,unknown_failure,84nyj6
2076,unknown_failure,84nyj6
2077,unknown_failure,84nyj6
2078,unknown_failure,84nyj6
2079,unknown_failure,84nyj6
2080,unknown_failure,84nyj6
2081,unknown_failure,84nyj6
2082,AttributeError,84nyj6
2083,unknown_failure,84nyj6
2084,AttributeError,84nyj6
2085,unknown_failure,84nyj6
2086,AttributeError,84nyj6
2087,AttributeError,84nyj6
2088,AttributeError,84nyj6
2089,AttributeError,84nyj6
2090,unknown_failure,84nyj6
2091,unknown_failure,84nyj6
2092,unknown_failure,84nyj6
2093,unknown_failure,84nyj6
2094,unknown_failure,84nyj6
2095,unknown_failure,84nyj6
2096,unknown_failure,84nyj6
2097,unknown_failure,84nyj6
2098,unknown_failure,84nyj6
2099,unknown_failure,84nyj6
2100,unknown_failure,84nyj6
2101,AttributeError,84nyj6
2102,AttributeError,84nyj6
2103,AttributeError,84nyj6
2104,AttributeError,84nyj6
2105,unknown_failure,84nyj6
2106,unknown_failure,84nyj6
2107,unknown_failure,84nyj6
2108,AttributeError,84nyj6
2109,unknown_failure,84nyj6
2110,AttributeError,84nyj6
2111,AttributeError,84nyj6
2112,unknown_failure,84nyj6
2113,AttributeError,84nyj6
2114,unknown_failure,84nyj6
2115,AttributeError,84nyj6
2116,AttributeError,84nyj6
2117,unknown_failure,84nyj6
2118,AttributeError,84nyj6
2119,unknown_failure,84nyj6
2120,AttributeError,84nyj6
2121,AttributeError,84nyj6
2122,AttributeError,84nyj6
2123,AttributeError,84nyj6
2124,AttributeError,84nyj6
2125,AttributeError,84nyj6
2126,AttributeError,84nyj6
2127,AttributeError,84nyj6
2128,unknown_failure,84nyj6
2129,unknown_failure,84nyj6
2130,AttributeError,84nyj6
2131,AttributeError,84nyj6
2132,unknown_failure,84nyj6
2133,unknown_failure,84nyj6
2134,unknown_failure,84nyj6
2135,unknown_failure,84nyj6
2136,AttributeError,84nyj6
2137,unknown_failure,84nyj6
2138,AttributeError,84nyj6
2139,unknown_failure,84nyj6
2140,unknown_failure,84nyj6
2141,AttributeError,84nyj6
2142,unknown_failure,84nyj6
2143,AttributeError,84nyj6
2144,AttributeError,84nyj6
2145,unknown_failure,84nyj6
2146,unknown_failure,84nyj6
2147,unknown_failure,84nyj6
2148,AttributeError,84nyj6
2149,AttributeError,84nyj6
2150,AttributeError,84nyj6
2151,unknown_failure,84nyj6
2152,unknown_failure,84nyj6
2153,unknown_failure,84nyj6
2154,unknown_failure,84nyj6
2155,unknown_failure,84nyj6
2156,unknown_failure,84nyj6
2157,AttributeError,84nyj6
2158,unknown_failure,84nyj6
2159,unknown_failure,84nyj6
2160,unknown_failure,84nyj6
2161,AttributeError,84nyj6
2162,unknown_failure,84nyj6
2163,AttributeError,84nyj6
2164,unknown_failure,84nyj6
2165,unknown_failure,84nyj6
2166,AttributeError,84nyj6
2167,unknown_failure,84nyj6
2168,unknown_failure,84nyj6
2169,unknown_failure,84nyj6
2170,unknown_failure,84nyj6
2171,unknown_failure,84nyj6
2172,AttributeError,84nyj6
2173,unknown_failure,84nyj6
2174,AttributeError,84nyj6
2175,AttributeError,84nyj6
2176,unknown_failure,84nyj6
2177,unknown_failure,84nyj6
2178,AttributeError,84nyj6
2179,unknown_failure,84nyj6
2180,unknown_failure,84nyj6
2181,AttributeError,84nyj6
2182,AttributeError,84nyj6
2183,unknown_failure,84nyj6
2184,unknown_failure,84nyj6
2185,unknown_failure,84nyj6
2186,unknown_failure,84nyj6
2187,AttributeError,84nyj6
2188,AttributeError,84nyj6
2189,AttributeError,84nyj6
2190,AttributeError,84nyj6
2191,AttributeError,84nyj6
2192,unknown_failure,84nyj6
2193,AttributeError,84nyj6
2194,unknown_failure,84nyj6
2195,AttributeError,84nyj6
2196,unknown_failure,84nyj6
2197,unknown_failure,84nyj6
2198,unknown_failure,84nyj6
2199,unknown_failure,84nyj6
2200,AttributeError,84nyj6
2201,unknown_failure,84nyj6
2202,AttributeError,84nyj6
2203,AttributeError,84nyj6
2204,unknown_failure,84nyj6
2205,AttributeError,84nyj6
2206,unknown_failure,84nyj6
2207,unknown_failure,84nyj6
2208,unknown_failure,84nyj6
2209,AttributeError,84nyj6
2210,unknown_failure,84nyj6
2211,unknown_failure,84nyj6
2212,unknown_failure,84nyj6
2213,unknown_failure,84nyj6
2214,unknown_failure,84nyj6
2215,unknown_failure,84nyj6
2216,unknown_failure,84nyj6
2217,AttributeError,84nyj6
2218,unknown_failure,84nyj6
2219,unknown_failure,84nyj6
2220,unknown_failure,84nyj6
2221,AttributeError,84nyj6
2222,unknown_failure,84nyj6
2223,unknown_failure,84nyj6
2224,AttributeError,84nyj6
2225,unknown_failure,84nyj6
2226,AttributeError,84nyj6
2227,unknown_failure,84nyj6
2228,unknown_failure,84nyj6
2229,AttributeError,84nyj6
2230,AttributeError,84nyj6
2231,AttributeError,84nyj6
2232,unknown_failure,84nyj6
2233,unknown_failure,84nyj6
2234,AttributeError,84nyj6
2235,unknown_failure,84nyj6
2236,unknown_failure,84nyj6
2237,unknown_failure,84nyj6
2238,unknown_failure,84nyj6
2239,unknown_failure,84nyj6
2240,AttributeError,84nyj6
2241,unknown_failure,84nyj6
2242,unknown_failure,84nyj6
2243,AttributeError,84nyj6
2244,unknown_failure,84nyj6
2245,unknown_failure,84nyj6
2246,AttributeError,84nyj6
2247,AttributeError,84nyj6
2248,unknown_failure,84nyj6
2249,AttributeError,84nyj6
2250,unknown_failure,84nyj6
2251,unknown_failure,84nyj6
2252,AttributeError,84nyj6
2253,AttributeError,84nyj6
2254,unknown_failure,84nyj6
2255,unknown_failure,84nyj6
2256,unknown_failure,84nyj6
2257,AttributeError,84nyj6
2258,unknown_failure,84nyj6
2259,unknown_failure,84nyj6
2260,unknown_failure,84nyj6
2261,unknown_failure,84nyj6
2262,AttributeError,84nyj6
2263,unknown_failure,84nyj6
2264,unknown_failure,84nyj6
2265,unknown_failure,84nyj6
2266,unknown_failure,84nyj6
2267,unknown_failure,84nyj6
2268,unknown_failure,84nyj6
2269,unknown_failure,84nyj6
2270,unknown_failure,84nyj6
2271,AttributeError,84nyj6
2272,unknown_failure,84nyj6
2273,AttributeError,84nyj6
2274,unknown_failure,84nyj6
2275,AttributeError,84nyj6
2276,AttributeError,84nyj6
2277,unknown_failure,84nyj6
2278,AttributeError,84nyj6
2279,unknown_failure,84nyj6
2280,AttributeError,84nyj6
2281,AttributeError,84nyj6
2282,unknown_failure,84nyj6
2283,AttributeError,84nyj6
2284,unknown_failure,84nyj6
2285,unknown_failure,84nyj6
2286,unknown_failure,84nyj6
2287,AttributeError,84nyj6
2288,unknown_failure,84nyj6
2289,unknown_failure,84nyj6
2290,unknown_failure,84nyj6
2291,unknown_failure,84nyj6
2292,unknown_failure,84nyj6
2293,unknown_failure,84nyj6
2294,unknown_failure,84nyj6
2295,AttributeError,84nyj6
2296,AttributeError,84nyj6
2297,AttributeError,84nyj6
2298,unknown_failure,84nyj6
2299,AttributeError,84nyj6
2300,unknown_failure,84nyj6
2301,unknown_failure,84nyj6
2302,AttributeError,84nyj6
2303,AttributeError,84nyj6
2304,unknown_failure,84nyj6
2305,AttributeError,84nyj6
2306,AttributeError,84nyj6
2307,unknown_failure,84nyj6
2308,AttributeError,84nyj6
2309,AttributeError,84nyj6
2310,unknown_failure,84nyj6
2311,AttributeError,84nyj6
2312,unknown_failure,84nyj6
2313,AttributeError,84nyj6
2314,AttributeError,84nyj6
2315,AttributeError,84nyj6
2316,unknown_failure,84nyj6
2317,AttributeError,84nyj6
2318,AttributeError,84nyj6
2319,unknown_failure,84nyj6
2320,unknown_failure,84nyj6
2321,AttributeError,84nyj6
2322,unknown_failure,84nyj6
2323,AttributeError,84nyj6
2324,AttributeError,84nyj6
2325,AttributeError,84nyj6
2326,AttributeError,84nyj6
2327,AttributeError,84nyj6
2328,unknown_failure,84nyj6
2329,unknown_failure,84nyj6
2330,AttributeError,84nyj6
2331,unknown_failure,84nyj6
2332,unknown_failure,84nyj6
2333,unknown_failure,84nyj6
2334,unknown_failure,84nyj6
2335,unknown_failure,84nyj6
2336,unknown_failure,84nyj6
2337,AttributeError,84nyj6
2338,unknown_failure,84nyj6
2339,unknown_failure,84nyj6
2340,unknown_failure,84nyj6
2341,unknown_failure,84nyj6
2342,AttributeError,84nyj6
2343,unknown_failure,84nyj6
2344,AttributeError,84nyj6
2345,AttributeError,84nyj6
2346,AttributeError,84nyj6
2347,unknown_failure,84nyj6
2348,unknown_failure,84nyj6
2349,unknown_failure,84nyj6
2350,unknown_failure,84nyj6
2351,unknown_failure,84nyj6
2352,unknown_failure,84nyj6
2353,unknown_failure,84nyj6
2354,unknown_failure,84nyj6
2355,unknown_failure,84nyj6
2356,unknown_failure,84nyj6
2357,unknown_failure,84nyj6
2358,unknown_failure,84nyj6
2359,unknown_failure,84nyj6
2360,unknown_failure,84nyj6
2361,AttributeError,84nyj6
2362,unknown_failure,84nyj6
2363,unknown_failure,84nyj6
2364,unknown_failure,84nyj6
2365,unknown_failure,84nyj6
2366,AttributeError,84nyj6
2367,AttributeError,84nyj6
2368,AttributeError,84nyj6
2369,AttributeError,84nyj6
2370,AttributeError,84nyj6
2371,unknown_failure,84nyj6
2372,unknown_failure,84nyj6
2373,unknown_failure,84nyj6
2374,unknown_failure,84nyj6
2375,unknown_failure,84nyj6
2376,unknown_failure,84nyj6
2377,unknown_failure,84nyj6
2378,unknown_failure,84nyj6
2379,AttributeError,84nyj6
2380,unknown_failure,84nyj6
2381,unknown_failure,84nyj6
2382,unknown_failure,84nyj6
2383,AttributeError,84nyj6
2384,unknown_failure,84nyj6
2385,AttributeError,84nyj6
2386,unknown_failure,84nyj6
2387,unknown_failure,84nyj6
2388,unknown_failure,84nyj6
2389,unknown_failure,84nyj6
2390,unknown_failure,84nyj6
2391,AttributeError,84nyj6
2392,AttributeError,84nyj6
2393,AttributeError,84nyj6
2394,AttributeError,84nyj6
2395,AttributeError,84nyj6
2396,AttributeError,84nyj6
2397,unknown_failure,84nyj6
2398,unknown_failure,84nyj6
2399,unknown_failure,84nyj6
2400,AttributeError,84nyj6
2401,AttributeError,84nyj6
2402,unknown_failure,84nyj6
2403,unknown_failure,84nyj6
2404,AttributeError,84nyj6
2405,unknown_failure,84nyj6
2406,AttributeError,84nyj6
2407,AttributeError,84nyj6
2408,unknown_failure,84nyj6
2409,unknown_failure,84nyj6
2410,AttributeError,84nyj6
2411,AttributeError,84nyj6
2412,AttributeError,84nyj6
2413,unknown_failure,84nyj6
2414,AttributeError,84nyj6
2415,unknown_failure,84nyj6
2416,unknown_failure,84nyj6
2417,unknown_failure,84nyj6
2418,unknown_failure,84nyj6
2419,AttributeError,84nyj6
2420,AttributeError,84nyj6
2421,AttributeError,84nyj6
2422,AttributeError,84nyj6
2423,unknown_failure,84nyj6
2424,unknown_failure,84nyj6
2425,unknown_failure,84nyj6
2426,AttributeError,84nyj6
2427,unknown_failure,84nyj6
2428,unknown_failure,84nyj6
2429,unknown_failure,84nyj6
2430,unknown_failure,84nyj6
2431,unknown_failure,84nyj6
2432,unknown_failure,84nyj6
2433,AttributeError,84nyj6
2434,unknown_failure,84nyj6
2435,unknown_failure,84nyj6
2436,AttributeError,84nyj6
2437,unknown_failure,84nyj6
2438,unknown_failure,84nyj6
2439,unknown_failure,84nyj6
2440,AttributeError,84nyj6
2441,AttributeError,84nyj6
2442,AttributeError,84nyj6
2443,AttributeError,84nyj6
2444,AttributeError,84nyj6
2445,unknown_failure,84nyj6
2446,AttributeError,84nyj6
2447,AttributeError,84nyj6
2448,unknown_failure,84nyj6
2449,unknown_failure,84nyj6
2450,AttributeError,84nyj6
2451,AttributeError,84nyj6
2452,AttributeError,84nyj6
2453,AttributeError,84nyj6
2454,AttributeError,84nyj6
2455,unknown_failure,84nyj6
2456,unknown_failure,84nyj6
2457,AttributeError,84nyj6
2458,unknown_failure,84nyj6
2459,AttributeError,84nyj6
2460,unknown_failure,84nyj6
2461,AttributeError,84nyj6
2462,AttributeError,84nyj6
2463,AttributeError,84nyj6
2464,unknown_failure,84nyj6
2465,unknown_failure,84nyj6
2466,AttributeError,84nyj6
2467,unknown_failure,84nyj6
2468,unknown_failure,84nyj6
2469,unknown_failure,84nyj6
2470,unknown_failure,84nyj6
2471,unknown_failure,84nyj6
2472,unknown_failure,84nyj6
2473,AttributeError,84nyj6
2474,unknown_failure,84nyj6
2475,AttributeError,84nyj6
2476,unknown_failure,84nyj6
2477,AttributeError,84nyj6
2478,AttributeError,84nyj6
2479,AttributeError,84nyj6
2480,AttributeError,84nyj6
2481,unknown_failure,84nyj6
2482,AttributeError,84nyj6
2483,AttributeError,84nyj6
2484,AttributeError,84nyj6
2485,unknown_failure,84nyj6
2486,unknown_failure,84nyj6
2487,AttributeError,84nyj6
2488,unknown_failure,84nyj6
2489,unknown_failure,84nyj6
2490,AttributeError,84nyj6
2491,AttributeError,84nyj6
2492,unknown_failure,84nyj6
2493,unknown_failure,84nyj6
2494,AttributeError,84nyj6
2495,unknown_failure,84nyj6
2496,AttributeError,84nyj6
2497,AttributeError,84nyj6
2498,AttributeError,84nyj6
2499,unknown_failure,84nyj6
2500,unknown_failure,84nyj6
2501,AttributeError,84nyj6
2502,AttributeError,84nyj6
2503,unknown_failure,84nyj6
2504,AttributeError,84nyj6
2505,unknown_failure,84nyj6
2506,AttributeError,84nyj6
2507,unknown_failure,84nyj6
2508,unknown_failure,84nyj6
2509,unknown_failure,84nyj6
2510,AttributeError,84nyj6
2511,AttributeError,84nyj6
2512,unknown_failure,84nyj6
2513,AttributeError,84nyj6
2514,unknown_failure,84nyj6
2515,unknown_failure,84nyj6
2516,AttributeError,84nyj6
2517,unknown_failure,84nyj6
2518,AttributeError,84nyj6
2519,AttributeError,84nyj6
2520,AttributeError,84nyj6
2521,AttributeError,84nyj6
2522,AttributeError,84nyj6
2523,unknown_failure,84nyj6
2524,unknown_failure,84nyj6
2525,unknown_failure,84nyj6
2526,unknown_failure,84nyj6
2527,AttributeError,84nyj6
2528,unknown_failure,84nyj6
2529,unknown_failure,84nyj6
2530,AttributeError,84nyj6
2531,unknown_failure,84nyj6
2532,AttributeError,84nyj6
2533,unknown_failure,84nyj6
2534,AttributeError,84nyj6
2535,unknown_failure,84nyj6
2536,AttributeError,84nyj6
2537,unknown_failure,84nyj6
